year,from,to,pop
2019,南投縣,南投縣,347707
2019,南投縣,嘉義市,1676
2019,南投縣,嘉義縣,2629
2019,南投縣,基隆市,2374
2019,南投縣,宜蘭縣,1508
2019,南投縣,屏東縣,2483
2019,南投縣,彰化縣,23723
2019,南投縣,新北市,48635
2019,南投縣,新竹市,3658
2019,南投縣,新竹縣,3997
2019,南投縣,桃園市,22889
2019,南投縣,澎湖縣,641
2019,南投縣,臺中市,111216
2019,南投縣,臺北市,28056
2019,南投縣,臺南市,7486
2019,南投縣,臺東縣,1655
2019,南投縣,花蓮縣,2508
2019,南投縣,苗栗縣,3406
2019,南投縣,連江縣,148
2019,南投縣,金門縣,1267
2019,南投縣,雲林縣,7116
2019,南投縣,高雄市,13154
2019,嘉義市,南投縣,1649
2019,嘉義市,嘉義市,167374
2019,嘉義市,嘉義縣,138238
2019,嘉義市,基隆市,1063
2019,嘉義市,宜蘭縣,694
2019,嘉義市,屏東縣,1762
2019,嘉義市,彰化縣,3915
2019,嘉義市,新北市,28438
2019,嘉義市,新竹市,3338
2019,嘉義市,新竹縣,3031
2019,嘉義市,桃園市,13411
2019,嘉義市,澎湖縣,709
2019,嘉義市,臺中市,21428
2019,嘉義市,臺北市,22685
2019,嘉義市,臺南市,28117
2019,嘉義市,臺東縣,516
2019,嘉義市,花蓮縣,774
2019,嘉義市,苗栗縣,1394
2019,嘉義市,連江縣,73
2019,嘉義市,金門縣,1144
2019,嘉義市,雲林縣,21314
2019,嘉義市,高雄市,17043
2019,嘉義縣,南投縣,4406
2019,嘉義縣,嘉義市,35769
2019,嘉義縣,嘉義縣,249377
2019,嘉義縣,基隆市,3140
2019,嘉義縣,宜蘭縣,1879
2019,嘉義縣,屏東縣,5408
2019,嘉義縣,彰化縣,9273
2019,嘉義縣,新北市,102811
2019,嘉義縣,新竹市,4169
2019,嘉義縣,新竹縣,3633
2019,嘉義縣,桃園市,34060
2019,嘉義縣,澎湖縣,518
2019,嘉義縣,臺中市,36989
2019,嘉義縣,臺北市,40669
2019,嘉義縣,臺南市,31575
2019,嘉義縣,臺東縣,2203
2019,嘉義縣,花蓮縣,2291
2019,嘉義縣,苗栗縣,2685
2019,嘉義縣,連江縣,85
2019,嘉義縣,金門縣,1200
2019,嘉義縣,雲林縣,24230
2019,嘉義縣,高雄市,65173
2019,基隆市,南投縣,1085
2019,基隆市,嘉義市,613
2019,基隆市,嘉義縣,856
2019,基隆市,基隆市,214022
2019,基隆市,宜蘭縣,3758
2019,基隆市,屏東縣,1372
2019,基隆市,彰化縣,2025
2019,基隆市,新北市,86714
2019,基隆市,新竹市,2937
2019,基隆市,新竹縣,2952
2019,基隆市,桃園市,21956
2019,基隆市,澎湖縣,370
2019,基隆市,臺中市,11353
2019,基隆市,臺北市,49246
2019,基隆市,臺南市,3485
2019,基隆市,臺東縣,903
2019,基隆市,花蓮縣,2038
2019,基隆市,苗栗縣,1679
2019,基隆市,連江縣,376
2019,基隆市,金門縣,1167
2019,基隆市,雲林縣,1426
2019,基隆市,高雄市,9963
2019,宜蘭縣,南投縣,1290
2019,宜蘭縣,嘉義市,612
2019,宜蘭縣,嘉義縣,877
2019,宜蘭縣,基隆市,9547
2019,宜蘭縣,宜蘭縣,366376
2019,宜蘭縣,屏東縣,1328
2019,宜蘭縣,彰化縣,2185
2019,宜蘭縣,新北市,78466
2019,宜蘭縣,新竹市,3567
2019,宜蘭縣,新竹縣,3656
2019,宜蘭縣,桃園市,27292
2019,宜蘭縣,澎湖縣,344
2019,宜蘭縣,臺中市,12135
2019,宜蘭縣,臺北市,47059
2019,宜蘭縣,臺南市,3732
2019,宜蘭縣,臺東縣,1042
2019,宜蘭縣,花蓮縣,6344
2019,宜蘭縣,苗栗縣,1605
2019,宜蘭縣,連江縣,144
2019,宜蘭縣,金門縣,969
2019,宜蘭縣,雲林縣,1524
2019,宜蘭縣,高雄市,7134
2019,屏東縣,南投縣,3274
2019,屏東縣,嘉義市,2336
2019,屏東縣,嘉義縣,3686
2019,屏東縣,基隆市,3124
2019,屏東縣,宜蘭縣,2674
2019,屏東縣,屏東縣,645011
2019,屏東縣,彰化縣,7033
2019,屏東縣,新北市,56755
2019,屏東縣,新竹市,5351
2019,屏東縣,新竹縣,5346
2019,屏東縣,桃園市,34714
2019,屏東縣,澎湖縣,1652
2019,屏東縣,臺中市,35449
2019,屏東縣,臺北市,35831
2019,屏東縣,臺南市,33092
2019,屏東縣,臺東縣,4839
2019,屏東縣,花蓮縣,3558
2019,屏東縣,苗栗縣,3185
2019,屏東縣,連江縣,254
2019,屏東縣,金門縣,2957
2019,屏東縣,雲林縣,4386
2019,屏東縣,高雄市,162709
2019,彰化縣,南投縣,29544
2019,彰化縣,嘉義市,4004
2019,彰化縣,嘉義縣,5819
2019,彰化縣,基隆市,6237
2019,彰化縣,宜蘭縣,3134
2019,彰化縣,屏東縣,5738
2019,彰化縣,彰化縣,1052548
2019,彰化縣,新北市,146253
2019,彰化縣,新竹市,9770
2019,彰化縣,新竹縣,9321
2019,彰化縣,桃園市,48243
2019,彰化縣,澎湖縣,1184
2019,彰化縣,臺中市,195138
2019,彰化縣,臺北市,83487
2019,彰化縣,臺南市,18907
2019,彰化縣,臺東縣,4589
2019,彰化縣,花蓮縣,4181
2019,彰化縣,苗栗縣,6922
2019,彰化縣,連江縣,230
2019,彰化縣,金門縣,2733
2019,彰化縣,雲林縣,20099
2019,彰化縣,高雄市,33646
2019,新北市,南投縣,6407
2019,新北市,嘉義市,3928
2019,新北市,嘉義縣,9724
2019,新北市,基隆市,38251
2019,新北市,宜蘭縣,16143
2019,新北市,屏東縣,7540
2019,新北市,彰化縣,15472
2019,新北市,新北市,1463493
2019,新北市,新竹市,10956
2019,新北市,新竹縣,14310
2019,新北市,桃園市,161589
2019,新北市,澎湖縣,1859
2019,新北市,臺中市,46581
2019,新北市,臺北市,244878
2019,新北市,臺南市,19542
2019,新北市,臺東縣,5621
2019,新北市,花蓮縣,10240
2019,新北市,苗栗縣,10237
2019,新北市,連江縣,1148
2019,新北市,金門縣,9457
2019,新北市,雲林縣,17108
2019,新北市,高雄市,27307
2019,新竹市,南投縣,882
2019,新竹市,嘉義市,579
2019,新竹市,嘉義縣,784
2019,新竹市,基隆市,1097
2019,新竹市,宜蘭縣,941
2019,新竹市,屏東縣,1095
2019,新竹市,彰化縣,2160
2019,新竹市,新北市,18686
2019,新竹市,新竹市,258836
2019,新竹市,新竹縣,129813
2019,新竹市,桃園市,21605
2019,新竹市,澎湖縣,330
2019,新竹市,臺中市,11321
2019,新竹市,臺北市,21577
2019,新竹市,臺南市,3954
2019,新竹市,臺東縣,424
2019,新竹市,花蓮縣,878
2019,新竹市,苗栗縣,25377
2019,新竹市,連江縣,94
2019,新竹市,金門縣,972
2019,新竹市,雲林縣,1166
2019,新竹市,高雄市,4941
2019,新竹縣,南投縣,1357
2019,新竹縣,嘉義市,468
2019,新竹縣,嘉義縣,811
2019,新竹縣,基隆市,2098
2019,新竹縣,宜蘭縣,1183
2019,新竹縣,屏東縣,1710
2019,新竹縣,彰化縣,2041
2019,新竹縣,新北市,38655
2019,新竹縣,新竹市,32102
2019,新竹縣,新竹縣,247720
2019,新竹縣,桃園市,66965
2019,新竹縣,澎湖縣,233
2019,新竹縣,臺中市,10643
2019,新竹縣,臺北市,27337
2019,新竹縣,臺南市,3233
2019,新竹縣,臺東縣,949
2019,新竹縣,花蓮縣,1989
2019,新竹縣,苗栗縣,11205
2019,新竹縣,連江縣,100
2019,新竹縣,金門縣,811
2019,新竹縣,雲林縣,1097
2019,新竹縣,高雄市,5680
2019,桃園市,南投縣,3770
2019,桃園市,嘉義市,1891
2019,桃園市,嘉義縣,3859
2019,桃園市,基隆市,5367
2019,桃園市,宜蘭縣,5482
2019,桃園市,屏東縣,5366
2019,桃園市,彰化縣,6688
2019,桃園市,新北市,153086
2019,桃園市,新竹市,13040
2019,桃園市,新竹縣,36046
2019,桃園市,桃園市,1203810
2019,桃園市,澎湖縣,1408
2019,桃園市,臺中市,26688
2019,桃園市,臺北市,65369
2019,桃園市,臺南市,10715
2019,桃園市,臺東縣,4043
2019,桃園市,花蓮縣,6552
2019,桃園市,苗栗縣,10792
2019,桃園市,連江縣,1434
2019,桃園市,金門縣,6751
2019,桃園市,雲林縣,5932
2019,桃園市,高雄市,16015
2019,澎湖縣,南投縣,391
2019,澎湖縣,嘉義市,381
2019,澎湖縣,嘉義縣,530
2019,澎湖縣,基隆市,612
2019,澎湖縣,宜蘭縣,716
2019,澎湖縣,屏東縣,1561
2019,澎湖縣,彰化縣,964
2019,澎湖縣,新北市,8191
2019,澎湖縣,新竹市,749
2019,澎湖縣,新竹縣,552
2019,澎湖縣,桃園市,4654
2019,澎湖縣,澎湖縣,73456
2019,澎湖縣,臺中市,5520
2019,澎湖縣,臺北市,5843
2019,澎湖縣,臺南市,6413
2019,澎湖縣,臺東縣,237
2019,澎湖縣,花蓮縣,344
2019,澎湖縣,苗栗縣,349
2019,澎湖縣,連江縣,22
2019,澎湖縣,金門縣,251
2019,澎湖縣,雲林縣,493
2019,澎湖縣,高雄市,34115
2019,臺中市,南投縣,47895
2019,臺中市,嘉義市,4746
2019,臺中市,嘉義縣,8041
2019,臺中市,基隆市,6442
2019,臺中市,宜蘭縣,3939
2019,臺中市,屏東縣,9433
2019,臺中市,彰化縣,53378
2019,臺中市,新北市,91423
2019,臺中市,新竹市,13390
2019,臺中市,新竹縣,13862
2019,臺中市,桃園市,49934
2019,臺中市,澎湖縣,2556
2019,臺中市,臺中市,1888667
2019,臺中市,臺北市,76337
2019,臺中市,臺南市,23394
2019,臺中市,臺東縣,4969
2019,臺中市,花蓮縣,5775
2019,臺中市,苗栗縣,42985
2019,臺中市,連江縣,447
2019,臺中市,金門縣,5729
2019,臺中市,雲林縣,18494
2019,臺中市,高雄市,35553
2019,臺北市,南投縣,7688
2019,臺北市,嘉義市,5585
2019,臺北市,嘉義縣,7378
2019,臺北市,基隆市,35531
2019,臺北市,宜蘭縣,19182
2019,臺北市,屏東縣,8179
2019,臺北市,彰化縣,15204
2019,臺北市,新北市,1007895
2019,臺北市,新竹市,22804
2019,臺北市,新竹縣,23086
2019,臺北市,桃園市,177647
2019,臺北市,澎湖縣,2517
2019,臺北市,臺中市,74741
2019,臺北市,臺北市,1447894
2019,臺北市,臺南市,27691
2019,臺北市,臺東縣,4632
2019,臺北市,花蓮縣,10749
2019,臺北市,苗栗縣,11930
2019,臺北市,連江縣,1355
2019,臺北市,金門縣,11122
2019,臺北市,雲林縣,12261
2019,臺北市,高雄市,44675
2019,臺南市,南投縣,5188
2019,臺南市,嘉義市,10953
2019,臺南市,嘉義縣,24681
2019,臺南市,基隆市,4034
2019,臺南市,宜蘭縣,3011
2019,臺南市,屏東縣,16206
2019,臺南市,彰化縣,12515
2019,臺南市,新北市,99869
2019,臺南市,新竹市,9633
2019,臺南市,新竹縣,8778
2019,臺南市,桃園市,45612
2019,臺南市,澎湖縣,3331
2019,臺南市,臺中市,56185
2019,臺南市,臺北市,75744
2019,臺南市,臺南市,1472212
2019,臺南市,臺東縣,4366
2019,臺南市,花蓮縣,3784
2019,臺南市,苗栗縣,4545
2019,臺南市,連江縣,255
2019,臺南市,金門縣,4595
2019,臺南市,雲林縣,10306
2019,臺南市,高雄市,220537
2019,臺東縣,南投縣,1604
2019,臺東縣,嘉義市,623
2019,臺東縣,嘉義縣,1204
2019,臺東縣,基隆市,3016
2019,臺東縣,宜蘭縣,1955
2019,臺東縣,屏東縣,4306
2019,臺東縣,彰化縣,3625
2019,臺東縣,新北市,33390
2019,臺東縣,新竹市,1928
2019,臺東縣,新竹縣,2385
2019,臺東縣,桃園市,25343
2019,臺東縣,澎湖縣,303
2019,臺東縣,臺中市,16374
2019,臺東縣,臺北市,13381
2019,臺東縣,臺南市,6952
2019,臺東縣,臺東縣,152496
2019,臺東縣,花蓮縣,9962
2019,臺東縣,苗栗縣,1656
2019,臺東縣,連江縣,96
2019,臺東縣,金門縣,737
2019,臺東縣,雲林縣,1586
2019,臺東縣,高雄市,17839
2019,花蓮縣,南投縣,1680
2019,花蓮縣,嘉義市,654
2019,花蓮縣,嘉義縣,1061
2019,花蓮縣,基隆市,3833
2019,花蓮縣,宜蘭縣,4739
2019,花蓮縣,屏東縣,2500
2019,花蓮縣,彰化縣,2479
2019,花蓮縣,新北市,46746
2019,花蓮縣,新竹市,3021
2019,花蓮縣,新竹縣,3939
2019,花蓮縣,桃園市,32529
2019,花蓮縣,澎湖縣,323
2019,花蓮縣,臺中市,14145
2019,花蓮縣,臺北市,25188
2019,花蓮縣,臺南市,4703
2019,花蓮縣,臺東縣,6680
2019,花蓮縣,花蓮縣,234014
2019,花蓮縣,苗栗縣,2294
2019,花蓮縣,連江縣,174
2019,花蓮縣,金門縣,1026
2019,花蓮縣,雲林縣,1469
2019,花蓮縣,高雄市,9925
2019,苗栗縣,南投縣,2932
2019,苗栗縣,嘉義市,833
2019,苗栗縣,嘉義縣,1514
2019,苗栗縣,基隆市,4575
2019,苗栗縣,宜蘭縣,1648
2019,苗栗縣,屏東縣,2427
2019,苗栗縣,彰化縣,5315
2019,苗栗縣,新北市,74291
2019,苗栗縣,新竹市,18371
2019,苗栗縣,新竹縣,18689
2019,苗栗縣,桃園市,59007
2019,苗栗縣,澎湖縣,379
2019,苗栗縣,臺中市,48607
2019,苗栗縣,臺北市,42729
2019,苗栗縣,臺南市,5071
2019,苗栗縣,臺東縣,1608
2019,苗栗縣,花蓮縣,2652
2019,苗栗縣,苗栗縣,381549
2019,苗栗縣,連江縣,130
2019,苗栗縣,金門縣,1178
2019,苗栗縣,雲林縣,2203
2019,苗栗縣,高雄市,10125
2019,連江縣,南投縣,45
2019,連江縣,嘉義市,26
2019,連江縣,嘉義縣,39
2019,連江縣,基隆市,298
2019,連江縣,宜蘭縣,55
2019,連江縣,屏東縣,77
2019,連江縣,彰化縣,65
2019,連江縣,新北市,3315
2019,連江縣,新竹市,121
2019,連江縣,新竹縣,122
2019,連江縣,桃園市,5490
2019,連江縣,澎湖縣,13
2019,連江縣,臺中市,423
2019,連江縣,臺北市,1665
2019,連江縣,臺南市,151
2019,連江縣,臺東縣,33
2019,連江縣,花蓮縣,57
2019,連江縣,苗栗縣,79
2019,連江縣,連江縣,5090
2019,連江縣,金門縣,59
2019,連江縣,雲林縣,54
2019,連江縣,高雄市,365
2019,金門縣,南投縣,88
2019,金門縣,嘉義市,54
2019,金門縣,嘉義縣,69
2019,金門縣,基隆市,173
2019,金門縣,宜蘭縣,97
2019,金門縣,屏東縣,125
2019,金門縣,彰化縣,149
2019,金門縣,新北市,4384
2019,金門縣,新竹市,281
2019,金門縣,新竹縣,227
2019,金門縣,桃園市,2546
2019,金門縣,澎湖縣,29
2019,金門縣,臺中市,960
2019,金門縣,臺北市,2291
2019,金門縣,臺南市,444
2019,金門縣,臺東縣,35
2019,金門縣,花蓮縣,113
2019,金門縣,苗栗縣,96
2019,金門縣,連江縣,14
2019,金門縣,金門縣,72446
2019,金門縣,雲林縣,90
2019,金門縣,高雄市,972
2019,雲林縣,南投縣,10084
2019,雲林縣,嘉義市,12260
2019,雲林縣,嘉義縣,20601
2019,雲林縣,基隆市,5197
2019,雲林縣,宜蘭縣,3053
2019,雲林縣,屏東縣,4397
2019,雲林縣,彰化縣,18584
2019,雲林縣,新北市,171746
2019,雲林縣,新竹市,6131
2019,雲林縣,新竹縣,5788
2019,雲林縣,桃園市,50416
2019,雲林縣,澎湖縣,783
2019,雲林縣,臺中市,69371
2019,雲林縣,臺北市,62835
2019,雲林縣,臺南市,20307
2019,雲林縣,臺東縣,3054
2019,雲林縣,花蓮縣,3566
2019,雲林縣,苗栗縣,3954
2019,雲林縣,連江縣,152
2019,雲林縣,金門縣,1751
2019,雲林縣,雲林縣,505043
2019,雲林縣,高雄市,40037
2019,高雄市,南投縣,6183
2019,高雄市,嘉義市,6750
2019,高雄市,嘉義縣,11911
2019,高雄市,基隆市,5797
2019,高雄市,宜蘭縣,3959
2019,高雄市,屏東縣,75210
2019,高雄市,彰化縣,12819
2019,高雄市,新北市,92105
2019,高雄市,新竹市,11385
2019,高雄市,新竹縣,11745
2019,高雄市,桃園市,51951
2019,高雄市,澎湖縣,10435
2019,高雄市,臺中市,59321
2019,高雄市,臺北市,75915
2019,高雄市,臺南市,115512
2019,高雄市,臺東縣,7230
2019,高雄市,花蓮縣,6062
2019,高雄市,苗栗縣,5664
2019,高雄市,連江縣,472
2019,高雄市,金門縣,7701
2019,高雄市,雲林縣,11489
2019,高雄市,高雄市,1929487
2022,南投縣,南投縣,333006
2022,南投縣,嘉義市,1703
2022,南投縣,嘉義縣,2635
2022,南投縣,基隆市,2305
2022,南投縣,宜蘭縣,1535
2022,南投縣,屏東縣,2490
2022,南投縣,彰化縣,23505
2022,南投縣,新北市,47250
2022,南投縣,新竹市,3750
2022,南投縣,新竹縣,4234
2022,南投縣,桃園市,23201
2022,南投縣,澎湖縣,695
2022,南投縣,臺中市,110857
2022,南投縣,臺北市,26131
2022,南投縣,臺南市,7578
2022,南投縣,臺東縣,1603
2022,南投縣,花蓮縣,2414
2022,南投縣,苗栗縣,3514
2022,南投縣,連江縣,183
2022,南投縣,金門縣,1279
2022,南投縣,雲林縣,7113
2022,南投縣,高雄市,13012
2022,嘉義市,南投縣,1697
2022,嘉義市,嘉義市,163999
2022,嘉義市,嘉義縣,138058
2022,嘉義市,基隆市,1084
2022,嘉義市,宜蘭縣,732
2022,嘉義市,屏東縣,1931
2022,嘉義市,彰化縣,4044
2022,嘉義市,新北市,28980
2022,嘉義市,新竹市,3610
2022,嘉義市,新竹縣,3455
2022,嘉義市,桃園市,14210
2022,嘉義市,澎湖縣,786
2022,嘉義市,臺中市,22794
2022,嘉義市,臺北市,21237
2022,嘉義市,臺南市,28607
2022,嘉義市,臺東縣,555
2022,嘉義市,花蓮縣,796
2022,嘉義市,苗栗縣,1507
2022,嘉義市,連江縣,105
2022,嘉義市,金門縣,1154
2022,嘉義市,雲林縣,21915
2022,嘉義市,高雄市,17552
2022,嘉義縣,南投縣,4269
2022,嘉義縣,嘉義市,34532
2022,嘉義縣,嘉義縣,234580
2022,嘉義縣,基隆市,3030
2022,嘉義縣,宜蘭縣,1900
2022,嘉義縣,屏東縣,5092
2022,嘉義縣,彰化縣,9104
2022,嘉義縣,新北市,98817
2022,嘉義縣,新竹市,4095
2022,嘉義縣,新竹縣,3722
2022,嘉義縣,桃園市,34012
2022,嘉義縣,澎湖縣,558
2022,嘉義縣,臺中市,36455
2022,嘉義縣,臺北市,37898
2022,嘉義縣,臺南市,30695
2022,嘉義縣,臺東縣,2067
2022,嘉義縣,花蓮縣,2186
2022,嘉義縣,苗栗縣,2666
2022,嘉義縣,連江縣,86
2022,嘉義縣,金門縣,1168
2022,嘉義縣,雲林縣,25589
2022,嘉義縣,高雄市,61804
2022,基隆市,南投縣,1086
2022,基隆市,嘉義市,616
2022,基隆市,嘉義縣,857
2022,基隆市,基隆市,208651
2022,基隆市,宜蘭縣,3944
2022,基隆市,屏東縣,1391
2022,基隆市,彰化縣,2031
2022,基隆市,新北市,86246
2022,基隆市,新竹市,3057
2022,基隆市,新竹縣,3268
2022,基隆市,桃園市,23104
2022,基隆市,澎湖縣,413
2022,基隆市,臺中市,11563
2022,基隆市,臺北市,45730
2022,基隆市,臺南市,3562
2022,基隆市,臺東縣,925
2022,基隆市,花蓮縣,2031
2022,基隆市,苗栗縣,1747
2022,基隆市,連江縣,374
2022,基隆市,金門縣,1184
2022,基隆市,雲林縣,1462
2022,基隆市,高雄市,9841
2022,宜蘭縣,南投縣,1315
2022,宜蘭縣,嘉義市,614
2022,宜蘭縣,嘉義縣,902
2022,宜蘭縣,基隆市,9106
2022,宜蘭縣,宜蘭縣,356804
2022,宜蘭縣,屏東縣,1390
2022,宜蘭縣,彰化縣,2247
2022,宜蘭縣,新北市,77270
2022,宜蘭縣,新竹市,3711
2022,宜蘭縣,新竹縣,4063
2022,宜蘭縣,桃園市,28054
2022,宜蘭縣,澎湖縣,376
2022,宜蘭縣,臺中市,12365
2022,宜蘭縣,臺北市,43747
2022,宜蘭縣,臺南市,3856
2022,宜蘭縣,臺東縣,1037
2022,宜蘭縣,花蓮縣,6144
2022,宜蘭縣,苗栗縣,1693
2022,宜蘭縣,連江縣,160
2022,宜蘭縣,金門縣,970
2022,宜蘭縣,雲林縣,1519
2022,宜蘭縣,高雄市,7046
2022,屏東縣,南投縣,3236
2022,屏東縣,嘉義市,2379
2022,屏東縣,嘉義縣,3711
2022,屏東縣,基隆市,3059
2022,屏東縣,宜蘭縣,2713
2022,屏東縣,屏東縣,620706
2022,屏東縣,彰化縣,7052
2022,屏東縣,新北市,55791
2022,屏東縣,新竹市,5393
2022,屏東縣,新竹縣,5757
2022,屏東縣,桃園市,35055
2022,屏東縣,澎湖縣,1790
2022,屏東縣,臺中市,35549
2022,屏東縣,臺北市,33287
2022,屏東縣,臺南市,33362
2022,屏東縣,臺東縣,4694
2022,屏東縣,花蓮縣,3507
2022,屏東縣,苗栗縣,3230
2022,屏東縣,連江縣,327
2022,屏東縣,金門縣,3009
2022,屏東縣,雲林縣,4498
2022,屏東縣,高雄市,160730
2022,彰化縣,南投縣,29076
2022,彰化縣,嘉義市,4077
2022,彰化縣,嘉義縣,5891
2022,彰化縣,基隆市,6035
2022,彰化縣,宜蘭縣,3289
2022,彰化縣,屏東縣,5709
2022,彰化縣,彰化縣,1023392
2022,彰化縣,新北市,142245
2022,彰化縣,新竹市,10167
2022,彰化縣,新竹縣,10335
2022,彰化縣,桃園市,49552
2022,彰化縣,澎湖縣,1329
2022,彰化縣,臺中市,198601
2022,彰化縣,臺北市,77802
2022,彰化縣,臺南市,19411
2022,彰化縣,臺東縣,4275
2022,彰化縣,花蓮縣,4008
2022,彰化縣,苗栗縣,7255
2022,彰化縣,連江縣,309
2022,彰化縣,金門縣,2824
2022,彰化縣,雲林縣,20685
2022,彰化縣,高雄市,33340
2022,新北市,南投縣,6411
2022,新北市,嘉義市,4075
2022,新北市,嘉義縣,9813
2022,新北市,基隆市,38666
2022,新北市,宜蘭縣,17117
2022,新北市,屏東縣,7835
2022,新北市,彰化縣,15636
2022,新北市,新北市,1459863
2022,新北市,新竹市,11734
2022,新北市,新竹縣,15932
2022,新北市,桃園市,171852
2022,新北市,澎湖縣,2094
2022,新北市,臺中市,48428
2022,新北市,臺北市,228935
2022,新北市,臺南市,20457
2022,新北市,臺東縣,5838
2022,新北市,花蓮縣,10407
2022,新北市,苗栗縣,10708
2022,新北市,連江縣,1276
2022,新北市,金門縣,9937
2022,新北市,雲林縣,17396
2022,新北市,高雄市,28102
2022,新竹市,南投縣,920
2022,新竹市,嘉義市,612
2022,新竹市,嘉義縣,805
2022,新竹市,基隆市,1103
2022,新竹市,宜蘭縣,1006
2022,新竹市,屏東縣,1178
2022,新竹市,彰化縣,2120
2022,新竹市,新北市,19203
2022,新竹市,新竹市,255891
2022,新竹市,新竹縣,132938
2022,新竹市,桃園市,21745
2022,新竹市,澎湖縣,342
2022,新竹市,臺中市,11774
2022,新竹市,臺北市,20074
2022,新竹市,臺南市,4219
2022,新竹市,臺東縣,465
2022,新竹市,花蓮縣,935
2022,新竹市,苗栗縣,27516
2022,新竹市,連江縣,102
2022,新竹市,金門縣,967
2022,新竹市,雲林縣,1262
2022,新竹市,高雄市,5115
2022,新竹縣,南投縣,1316
2022,新竹縣,嘉義市,474
2022,新竹縣,嘉義縣,832
2022,新竹縣,基隆市,2004
2022,新竹縣,宜蘭縣,1197
2022,新竹縣,屏東縣,1681
2022,新竹縣,彰化縣,2063
2022,新竹縣,新北市,37263
2022,新竹縣,新竹市,33948
2022,新竹縣,新竹縣,246757
2022,新竹縣,桃園市,65691
2022,新竹縣,澎湖縣,268
2022,新竹縣,臺中市,10673
2022,新竹縣,臺北市,25132
2022,新竹縣,臺南市,3239
2022,新竹縣,臺東縣,928
2022,新竹縣,花蓮縣,1818
2022,新竹縣,苗栗縣,11620
2022,新竹縣,連江縣,109
2022,新竹縣,金門縣,820
2022,新竹縣,雲林縣,1118
2022,新竹縣,高雄市,5606
2022,桃園市,南投縣,3820
2022,桃園市,嘉義市,2006
2022,桃園市,嘉義縣,4002
2022,桃園市,基隆市,5365
2022,桃園市,宜蘭縣,5930
2022,桃園市,屏東縣,5576
2022,桃園市,彰化縣,6956
2022,桃園市,新北市,156111
2022,桃園市,新竹市,13877
2022,桃園市,新竹縣,37785
2022,桃園市,桃園市,1212061
2022,桃園市,澎湖縣,1629
2022,桃園市,臺中市,27904
2022,桃園市,臺北市,60954
2022,桃園市,臺南市,11285
2022,桃園市,臺東縣,4297
2022,桃園市,花蓮縣,6653
2022,桃園市,苗栗縣,11252
2022,桃園市,連江縣,1518
2022,桃園市,金門縣,7088
2022,桃園市,雲林縣,6177
2022,桃園市,高雄市,16630
2022,澎湖縣,南投縣,380
2022,澎湖縣,嘉義市,370
2022,澎湖縣,嘉義縣,519
2022,澎湖縣,基隆市,583
2022,澎湖縣,宜蘭縣,696
2022,澎湖縣,屏東縣,1502
2022,澎湖縣,彰化縣,928
2022,澎湖縣,新北市,7936
2022,澎湖縣,新竹市,723
2022,澎湖縣,新竹縣,588
2022,澎湖縣,桃園市,4639
2022,澎湖縣,澎湖縣,72415
2022,澎湖縣,臺中市,5337
2022,澎湖縣,臺北市,5302
2022,澎湖縣,臺南市,6092
2022,澎湖縣,臺東縣,221
2022,澎湖縣,花蓮縣,338
2022,澎湖縣,苗栗縣,349
2022,澎湖縣,連江縣,22
2022,澎湖縣,金門縣,267
2022,澎湖縣,雲林縣,460
2022,澎湖縣,高雄市,31676
2022,臺中市,南投縣,49750
2022,臺中市,嘉義市,4938
2022,臺中市,嘉義縣,8259
2022,臺中市,基隆市,6237
2022,臺中市,宜蘭縣,4233
2022,臺中市,屏東縣,9819
2022,臺中市,彰化縣,55747
2022,臺中市,新北市,91993
2022,臺中市,新竹市,14220
2022,臺中市,新竹縣,15785
2022,臺中市,桃園市,52092
2022,臺中市,澎湖縣,2995
2022,臺中市,臺中市,1880330
2022,臺中市,臺北市,71935
2022,臺中市,臺南市,24554
2022,臺中市,臺東縣,5114
2022,臺中市,花蓮縣,5871
2022,臺中市,苗栗縣,43892
2022,臺中市,連江縣,594
2022,臺中市,金門縣,6036
2022,臺中市,雲林縣,19406
2022,臺中市,高雄市,36270
2022,臺北市,南投縣,7567
2022,臺北市,嘉義市,5609
2022,臺北市,嘉義縣,7368
2022,臺北市,基隆市,36697
2022,臺北市,宜蘭縣,21270
2022,臺北市,屏東縣,8359
2022,臺北市,彰化縣,15206
2022,臺北市,新北市,1026534
2022,臺北市,新竹市,24388
2022,臺北市,新竹縣,26081
2022,臺北市,桃園市,188131
2022,臺北市,澎湖縣,2774
2022,臺北市,臺中市,76531
2022,臺北市,臺北市,1379400
2022,臺北市,臺南市,28613
2022,臺北市,臺東縣,4947
2022,臺北市,花蓮縣,10900
2022,臺北市,苗栗縣,12456
2022,臺北市,連江縣,1563
2022,臺北市,金門縣,11408
2022,臺北市,雲林縣,12434
2022,臺北市,高雄市,45060
2022,臺南市,南投縣,5236
2022,臺南市,嘉義市,10981
2022,臺南市,嘉義縣,24827
2022,臺南市,基隆市,3995
2022,臺南市,宜蘭縣,3180
2022,臺南市,屏東縣,16380
2022,臺南市,彰化縣,12721
2022,臺南市,新北市,98840
2022,臺南市,新竹市,10004
2022,臺南市,新竹縣,9712
2022,臺南市,桃園市,47179
2022,臺南市,澎湖縣,3730
2022,臺南市,臺中市,57385
2022,臺南市,臺北市,71135
2022,臺南市,臺南市,1441664
2022,臺南市,臺東縣,4332
2022,臺南市,花蓮縣,3775
2022,臺南市,苗栗縣,4774
2022,臺南市,連江縣,351
2022,臺南市,金門縣,4786
2022,臺南市,雲林縣,10623
2022,臺南市,高雄市,217057
2022,臺東縣,南投縣,1591
2022,臺東縣,嘉義市,613
2022,臺東縣,嘉義縣,1173
2022,臺東縣,基隆市,2899
2022,臺東縣,宜蘭縣,1957
2022,臺東縣,屏東縣,4378
2022,臺東縣,彰化縣,3519
2022,臺東縣,新北市,32446
2022,臺東縣,新竹市,1931
2022,臺東縣,新竹縣,2422
2022,臺東縣,桃園市,25475
2022,臺東縣,澎湖縣,325
2022,臺東縣,臺中市,16061
2022,臺東縣,臺北市,12602
2022,臺東縣,臺南市,6972
2022,臺東縣,臺東縣,148613
2022,臺東縣,花蓮縣,9739
2022,臺東縣,苗栗縣,1660
2022,臺東縣,連江縣,122
2022,臺東縣,金門縣,720
2022,臺東縣,雲林縣,1588
2022,臺東縣,高雄市,17749
2022,花蓮縣,南投縣,1650
2022,花蓮縣,嘉義市,636
2022,花蓮縣,嘉義縣,1077
2022,花蓮縣,基隆市,3747
2022,花蓮縣,宜蘭縣,4835
2022,花蓮縣,屏東縣,2523
2022,花蓮縣,彰化縣,2479
2022,花蓮縣,新北市,45719
2022,花蓮縣,新竹市,3067
2022,花蓮縣,新竹縣,4117
2022,花蓮縣,桃園市,32959
2022,花蓮縣,澎湖縣,337
2022,花蓮縣,臺中市,14289
2022,花蓮縣,臺北市,23698
2022,花蓮縣,臺南市,4831
2022,花蓮縣,臺東縣,6564
2022,花蓮縣,花蓮縣,228362
2022,花蓮縣,苗栗縣,2327
2022,花蓮縣,連江縣,216
2022,花蓮縣,金門縣,1045
2022,花蓮縣,雲林縣,1501
2022,花蓮縣,高雄市,9952
2022,苗栗縣,南投縣,2875
2022,苗栗縣,嘉義市,852
2022,苗栗縣,嘉義縣,1544
2022,苗栗縣,基隆市,4373
2022,苗栗縣,宜蘭縣,1693
2022,苗栗縣,屏東縣,2397
2022,苗栗縣,彰化縣,5314
2022,苗栗縣,新北市,71894
2022,苗栗縣,新竹市,18331
2022,苗栗縣,新竹縣,19202
2022,苗栗縣,桃園市,58580
2022,苗栗縣,澎湖縣,421
2022,苗栗縣,臺中市,48441
2022,苗栗縣,臺北市,39622
2022,苗栗縣,臺南市,5199
2022,苗栗縣,臺東縣,1505
2022,苗栗縣,花蓮縣,2470
2022,苗栗縣,苗栗縣,365183
2022,苗栗縣,連江縣,155
2022,苗栗縣,金門縣,1203
2022,苗栗縣,雲林縣,2221
2022,苗栗縣,高雄市,9966
2022,連江縣,南投縣,46
2022,連江縣,嘉義市,24
2022,連江縣,嘉義縣,41
2022,連江縣,基隆市,280
2022,連江縣,宜蘭縣,57
2022,連江縣,屏東縣,71
2022,連江縣,彰化縣,67
2022,連江縣,新北市,3146
2022,連江縣,新竹市,108
2022,連江縣,新竹縣,131
2022,連江縣,桃園市,5277
2022,連江縣,澎湖縣,11
2022,連江縣,臺中市,400
2022,連江縣,臺北市,1494
2022,連江縣,臺南市,144
2022,連江縣,臺東縣,32
2022,連江縣,花蓮縣,53
2022,連江縣,苗栗縣,80
2022,連江縣,連江縣,4926
2022,連江縣,金門縣,57
2022,連江縣,雲林縣,53
2022,連江縣,高雄市,343
2022,金門縣,南投縣,75
2022,金門縣,嘉義市,48
2022,金門縣,嘉義縣,62
2022,金門縣,基隆市,167
2022,金門縣,宜蘭縣,83
2022,金門縣,屏東縣,116
2022,金門縣,彰化縣,136
2022,金門縣,新北市,3814
2022,金門縣,新竹市,256
2022,金門縣,新竹縣,219
2022,金門縣,桃園市,2222
2022,金門縣,澎湖縣,27
2022,金門縣,臺中市,875
2022,金門縣,臺北市,2012
2022,金門縣,臺南市,395
2022,金門縣,臺東縣,35
2022,金門縣,花蓮縣,99
2022,金門縣,苗栗縣,88
2022,金門縣,連江縣,16
2022,金門縣,金門縣,72213
2022,金門縣,雲林縣,80
2022,金門縣,高雄市,870
2022,雲林縣,南投縣,9647
2022,雲林縣,嘉義市,11968
2022,雲林縣,嘉義縣,20101
2022,雲林縣,基隆市,5059
2022,雲林縣,宜蘭縣,3101
2022,雲林縣,屏東縣,4407
2022,雲林縣,彰化縣,18457
2022,雲林縣,新北市,166435
2022,雲林縣,新竹市,6220
2022,雲林縣,新竹縣,6236
2022,雲林縣,桃園市,50963
2022,雲林縣,澎湖縣,824
2022,雲林縣,臺中市,69833
2022,雲林縣,臺北市,58858
2022,雲林縣,臺南市,20355
2022,雲林縣,臺東縣,2829
2022,雲林縣,花蓮縣,3424
2022,雲林縣,苗栗縣,4123
2022,雲林縣,連江縣,177
2022,雲林縣,金門縣,1712
2022,雲林縣,雲林縣,483296
2022,雲林縣,高雄市,38808
2022,高雄市,南投縣,6205
2022,高雄市,嘉義市,6822
2022,高雄市,嘉義縣,11991
2022,高雄市,基隆市,5706
2022,高雄市,宜蘭縣,4125
2022,高雄市,屏東縣,78944
2022,高雄市,彰化縣,12945
2022,高雄市,新北市,93221
2022,高雄市,新竹市,11968
2022,高雄市,新竹縣,13038
2022,高雄市,桃園市,53735
2022,高雄市,澎湖縣,11323
2022,高雄市,臺中市,61116
2022,高雄市,臺北市,71811
2022,高雄市,臺南市,116497
2022,高雄市,臺東縣,7599
2022,高雄市,花蓮縣,6194
2022,高雄市,苗栗縣,5943
2022,高雄市,連江縣,584
2022,高雄市,金門縣,7798
2022,高雄市,雲林縣,11726
2022,高雄市,高雄市,1901668
2023,南投縣,南投縣,328946
2023,南投縣,嘉義市,1708
2023,南投縣,嘉義縣,2643
2023,南投縣,基隆市,2282
2023,南投縣,宜蘭縣,1542
2023,南投縣,屏東縣,2493
2023,南投縣,彰化縣,23419
2023,南投縣,新北市,47198
2023,南投縣,新竹市,3785
2023,南投縣,新竹縣,4314
2023,南投縣,桃園市,23518
2023,南投縣,澎湖縣,710
2023,南投縣,臺中市,111595
2023,南投縣,臺北市,26066
2023,南投縣,臺南市,7720
2023,南投縣,臺東縣,1603
2023,南投縣,花蓮縣,2376
2023,南投縣,苗栗縣,3530
2023,南投縣,連江縣,188
2023,南投縣,金門縣,1339
2023,南投縣,雲林縣,7150
2023,南投縣,高雄市,13053
2023,嘉義市,南投縣,1715
2023,嘉義市,嘉義市,164083
2023,嘉義市,嘉義縣,138306
2023,嘉義市,基隆市,1108
2023,嘉義市,宜蘭縣,774
2023,嘉義市,屏東縣,1982
2023,嘉義市,彰化縣,4058
2023,嘉義市,新北市,29380
2023,嘉義市,新竹市,3672
2023,嘉義市,新竹縣,3606
2023,嘉義市,桃園市,14699
2023,嘉義市,澎湖縣,795
2023,嘉義市,臺中市,23518
2023,嘉義市,臺北市,21488
2023,嘉義市,臺南市,29100
2023,嘉義市,臺東縣,540
2023,嘉義市,花蓮縣,806
2023,嘉義市,苗栗縣,1543
2023,嘉義市,連江縣,98
2023,嘉義市,金門縣,1205
2023,嘉義市,雲林縣,22089
2023,嘉義市,高雄市,17886
2023,嘉義縣,南投縣,4218
2023,嘉義縣,嘉義市,34233
2023,嘉義縣,嘉義縣,229957
2023,嘉義縣,基隆市,3006
2023,嘉義縣,宜蘭縣,1891
2023,嘉義縣,屏東縣,5014
2023,嘉義縣,彰化縣,9014
2023,嘉義縣,新北市,98072
2023,嘉義縣,新竹市,4114
2023,嘉義縣,新竹縣,3782
2023,嘉義縣,桃園市,34258
2023,嘉義縣,澎湖縣,552
2023,嘉義縣,臺中市,36473
2023,嘉義縣,臺北市,37668
2023,嘉義縣,臺南市,30616
2023,嘉義縣,臺東縣,2032
2023,嘉義縣,花蓮縣,2156
2023,嘉義縣,苗栗縣,2666
2023,嘉義縣,連江縣,81
2023,嘉義縣,金門縣,1198
2023,嘉義縣,雲林縣,26039
2023,嘉義縣,高雄市,60952
2023,基隆市,南投縣,1081
2023,基隆市,嘉義市,624
2023,基隆市,嘉義縣,863
2023,基隆市,基隆市,208085
2023,基隆市,宜蘭縣,3995
2023,基隆市,屏東縣,1419
2023,基隆市,彰化縣,2058
2023,基隆市,新北市,86726
2023,基隆市,新竹市,3109
2023,基隆市,新竹縣,3396
2023,基隆市,桃園市,23818
2023,基隆市,澎湖縣,447
2023,基隆市,臺中市,11780
2023,基隆市,臺北市,46384
2023,基隆市,臺南市,3644
2023,基隆市,臺東縣,952
2023,基隆市,花蓮縣,2036
2023,基隆市,苗栗縣,1803
2023,基隆市,連江縣,363
2023,基隆市,金門縣,1225
2023,基隆市,雲林縣,1466
2023,基隆市,高雄市,9920
2023,宜蘭縣,南投縣,1334
2023,宜蘭縣,嘉義市,628
2023,宜蘭縣,嘉義縣,914
2023,宜蘭縣,基隆市,8999
2023,宜蘭縣,宜蘭縣,354979
2023,宜蘭縣,屏東縣,1386
2023,宜蘭縣,彰化縣,2265
2023,宜蘭縣,新北市,77381
2023,宜蘭縣,新竹市,3751
2023,宜蘭縣,新竹縣,4239
2023,宜蘭縣,桃園市,28470
2023,宜蘭縣,澎湖縣,387
2023,宜蘭縣,臺中市,12617
2023,宜蘭縣,臺北市,43748
2023,宜蘭縣,臺南市,3915
2023,宜蘭縣,臺東縣,1045
2023,宜蘭縣,花蓮縣,6088
2023,宜蘭縣,苗栗縣,1725
2023,宜蘭縣,連江縣,164
2023,宜蘭縣,金門縣,984
2023,宜蘭縣,雲林縣,1518
2023,宜蘭縣,高雄市,7117
2023,屏東縣,南投縣,3244
2023,屏東縣,嘉義市,2407
2023,屏東縣,嘉義縣,3722
2023,屏東縣,基隆市,3082
2023,屏東縣,宜蘭縣,2735
2023,屏東縣,屏東縣,614190
2023,屏東縣,彰化縣,7034
2023,屏東縣,新北市,56116
2023,屏東縣,新竹市,5447
2023,屏東縣,新竹縣,5910
2023,屏東縣,桃園市,35486
2023,屏東縣,澎湖縣,1854
2023,屏東縣,臺中市,35966
2023,屏東縣,臺北市,33547
2023,屏東縣,臺南市,33760
2023,屏東縣,臺東縣,4661
2023,屏東縣,花蓮縣,3502
2023,屏東縣,苗栗縣,3273
2023,屏東縣,連江縣,306
2023,屏東縣,金門縣,3053
2023,屏東縣,雲林縣,4487
2023,屏東縣,高雄市,161177
2023,彰化縣,南投縣,29206
2023,彰化縣,嘉義市,4134
2023,彰化縣,嘉義縣,5999
2023,彰化縣,基隆市,5985
2023,彰化縣,宜蘭縣,3351
2023,彰化縣,屏東縣,5732
2023,彰化縣,彰化縣,1015576
2023,彰化縣,新北市,141885
2023,彰化縣,新竹市,10233
2023,彰化縣,新竹縣,10777
2023,彰化縣,桃園市,50469
2023,彰化縣,澎湖縣,1368
2023,彰化縣,臺中市,201974
2023,彰化縣,臺北市,77402
2023,彰化縣,臺南市,19885
2023,彰化縣,臺東縣,4202
2023,彰化縣,花蓮縣,3977
2023,彰化縣,苗栗縣,7462
2023,彰化縣,連江縣,320
2023,彰化縣,金門縣,2909
2023,彰化縣,雲林縣,20949
2023,彰化縣,高雄市,33531
2023,新北市,南投縣,6460
2023,新北市,嘉義市,4142
2023,新北市,嘉義縣,9848
2023,新北市,基隆市,38859
2023,新北市,宜蘭縣,17638
2023,新北市,屏東縣,7882
2023,新北市,彰化縣,15648
2023,新北市,新北市,1467918
2023,新北市,新竹市,11945
2023,新北市,新竹縣,16582
2023,新北市,桃園市,176935
2023,新北市,澎湖縣,2123
2023,新北市,臺中市,49725
2023,新北市,臺北市,229883
2023,新北市,臺南市,21050
2023,新北市,臺東縣,5919
2023,新北市,花蓮縣,10438
2023,新北市,苗栗縣,10957
2023,新北市,連江縣,1299
2023,新北市,金門縣,10242
2023,新北市,雲林縣,17406
2023,新北市,高雄市,28794
2023,新竹市,南投縣,957
2023,新竹市,嘉義市,628
2023,新竹市,嘉義縣,810
2023,新竹市,基隆市,1080
2023,新竹市,宜蘭縣,1068
2023,新竹市,屏東縣,1200
2023,新竹市,彰化縣,2129
2023,新竹市,新北市,19672
2023,新竹市,新竹市,256161
2023,新竹市,新竹縣,134609
2023,新竹市,桃園市,22222
2023,新竹市,澎湖縣,345
2023,新竹市,臺中市,12186
2023,新竹市,臺北市,20476
2023,新竹市,臺南市,4411
2023,新竹市,臺東縣,484
2023,新竹市,花蓮縣,958
2023,新竹市,苗栗縣,28414
2023,新竹市,連江縣,109
2023,新竹市,金門縣,1017
2023,新竹市,雲林縣,1256
2023,新竹市,高雄市,5323
2023,新竹縣,南投縣,1312
2023,新竹縣,嘉義市,467
2023,新竹縣,嘉義縣,838
2023,新竹縣,基隆市,1995
2023,新竹縣,宜蘭縣,1201
2023,新竹縣,屏東縣,1663
2023,新竹縣,彰化縣,2065
2023,新竹縣,新北市,37219
2023,新竹縣,新竹市,34767
2023,新竹縣,新竹縣,247321
2023,新竹縣,桃園市,65658
2023,新竹縣,澎湖縣,276
2023,新竹縣,臺中市,10885
2023,新竹縣,臺北市,25097
2023,新竹縣,臺南市,3328
2023,新竹縣,臺東縣,908
2023,新竹縣,花蓮縣,1781
2023,新竹縣,苗栗縣,11899
2023,新竹縣,連江縣,106
2023,新竹縣,金門縣,831
2023,新竹縣,雲林縣,1116
2023,新竹縣,高雄市,5668
2023,桃園市,南投縣,3845
2023,桃園市,嘉義市,2063
2023,桃園市,嘉義縣,4031
2023,桃園市,基隆市,5379
2023,桃園市,宜蘭縣,6060
2023,桃園市,屏東縣,5745
2023,桃園市,彰化縣,7055
2023,桃園市,新北市,158255
2023,桃園市,新竹市,14114
2023,桃園市,新竹縣,38529
2023,桃園市,桃園市,1222726
2023,桃園市,澎湖縣,1649
2023,桃園市,臺中市,28846
2023,桃園市,臺北市,61170
2023,桃園市,臺南市,11570
2023,桃園市,臺東縣,4312
2023,桃園市,花蓮縣,6697
2023,桃園市,苗栗縣,11433
2023,桃園市,連江縣,1554
2023,桃園市,金門縣,7276
2023,桃園市,雲林縣,6265
2023,桃園市,高雄市,17131
2023,澎湖縣,南投縣,387
2023,澎湖縣,嘉義市,371
2023,澎湖縣,嘉義縣,520
2023,澎湖縣,基隆市,579
2023,澎湖縣,宜蘭縣,679
2023,澎湖縣,屏東縣,1470
2023,澎湖縣,彰化縣,920
2023,澎湖縣,新北市,7899
2023,澎湖縣,新竹市,735
2023,澎湖縣,新竹縣,585
2023,澎湖縣,桃園市,4660
2023,澎湖縣,澎湖縣,72173
2023,澎湖縣,臺中市,5347
2023,澎湖縣,臺北市,5327
2023,澎湖縣,臺南市,5998
2023,澎湖縣,臺東縣,218
2023,澎湖縣,花蓮縣,334
2023,澎湖縣,苗栗縣,349
2023,澎湖縣,連江縣,23
2023,澎湖縣,金門縣,272
2023,澎湖縣,雲林縣,461
2023,澎湖縣,高雄市,30925
2023,臺中市,南投縣,50636
2023,臺中市,嘉義市,5038
2023,臺中市,嘉義縣,8378
2023,臺中市,基隆市,6260
2023,臺中市,宜蘭縣,4371
2023,臺中市,屏東縣,9916
2023,臺中市,彰化縣,56157
2023,臺中市,新北市,93277
2023,臺中市,新竹市,14515
2023,臺中市,新竹縣,16405
2023,臺中市,桃園市,53379
2023,臺中市,澎湖縣,3130
2023,臺中市,臺中市,1891857
2023,臺中市,臺北市,72875
2023,臺中市,臺南市,25300
2023,臺中市,臺東縣,5166
2023,臺中市,花蓮縣,5823
2023,臺中市,苗栗縣,44212
2023,臺中市,連江縣,617
2023,臺中市,金門縣,6267
2023,臺中市,雲林縣,19650
2023,臺中市,高雄市,36965
2023,臺北市,南投縣,7652
2023,臺北市,嘉義市,5697
2023,臺北市,嘉義縣,7475
2023,臺北市,基隆市,37615
2023,臺北市,宜蘭縣,22101
2023,臺北市,屏東縣,8524
2023,臺北市,彰化縣,15298
2023,臺北市,新北市,1046809
2023,臺北市,新竹市,25173
2023,臺北市,新竹縣,27264
2023,臺北市,桃園市,194872
2023,臺北市,澎湖縣,2855
2023,臺北市,臺中市,79152
2023,臺北市,臺北市,1396834
2023,臺北市,臺南市,29649
2023,臺北市,臺東縣,5042
2023,臺北市,花蓮縣,11017
2023,臺北市,苗栗縣,12826
2023,臺北市,連江縣,1535
2023,臺北市,金門縣,11806
2023,臺北市,雲林縣,12528
2023,臺北市,高雄市,46581
2023,臺南市,南投縣,5200
2023,臺南市,嘉義市,11065
2023,臺南市,嘉義縣,24777
2023,臺南市,基隆市,4025
2023,臺南市,宜蘭縣,3249
2023,臺南市,屏東縣,16481
2023,臺南市,彰化縣,12745
2023,臺南市,新北市,99341
2023,臺南市,新竹市,10158
2023,臺南市,新竹縣,10056
2023,臺南市,桃園市,47947
2023,臺南市,澎湖縣,3775
2023,臺南市,臺中市,58345
2023,臺南市,臺北市,71760
2023,臺南市,臺南市,1440215
2023,臺南市,臺東縣,4345
2023,臺南市,花蓮縣,3753
2023,臺南市,苗栗縣,4849
2023,臺南市,連江縣,368
2023,臺南市,金門縣,4941
2023,臺南市,雲林縣,10697
2023,臺南市,高雄市,216488
2023,臺東縣,南投縣,1575
2023,臺東縣,嘉義市,622
2023,臺東縣,嘉義縣,1183
2023,臺東縣,基隆市,2888
2023,臺東縣,宜蘭縣,1955
2023,臺東縣,屏東縣,4409
2023,臺東縣,彰化縣,3506
2023,臺東縣,新北市,32406
2023,臺東縣,新竹市,1927
2023,臺東縣,新竹縣,2461
2023,臺東縣,桃園市,25650
2023,臺東縣,澎湖縣,326
2023,臺東縣,臺中市,16183
2023,臺東縣,臺北市,12586
2023,臺東縣,臺南市,7040
2023,臺東縣,臺東縣,147559
2023,臺東縣,花蓮縣,9687
2023,臺東縣,苗栗縣,1666
2023,臺東縣,連江縣,132
2023,臺東縣,金門縣,740
2023,臺東縣,雲林縣,1588
2023,臺東縣,高雄市,17791
2023,花蓮縣,南投縣,1629
2023,花蓮縣,嘉義市,654
2023,花蓮縣,嘉義縣,1079
2023,花蓮縣,基隆市,3750
2023,花蓮縣,宜蘭縣,4865
2023,花蓮縣,屏東縣,2554
2023,花蓮縣,彰化縣,2476
2023,花蓮縣,新北市,45834
2023,花蓮縣,新竹市,3089
2023,花蓮縣,新竹縣,4182
2023,花蓮縣,桃園市,33415
2023,花蓮縣,澎湖縣,346
2023,花蓮縣,臺中市,14512
2023,花蓮縣,臺北市,23820
2023,花蓮縣,臺南市,4930
2023,花蓮縣,臺東縣,6525
2023,花蓮縣,花蓮縣,226933
2023,花蓮縣,苗栗縣,2333
2023,花蓮縣,連江縣,217
2023,花蓮縣,金門縣,1055
2023,花蓮縣,雲林縣,1497
2023,花蓮縣,高雄市,10013
2023,苗栗縣,南投縣,2865
2023,苗栗縣,嘉義市,852
2023,苗栗縣,嘉義縣,1542
2023,苗栗縣,基隆市,4301
2023,苗栗縣,宜蘭縣,1715
2023,苗栗縣,屏東縣,2399
2023,苗栗縣,彰化縣,5275
2023,苗栗縣,新北市,71664
2023,苗栗縣,新竹市,18287
2023,苗栗縣,新竹縣,19381
2023,苗栗縣,桃園市,58994
2023,苗栗縣,澎湖縣,430
2023,苗栗縣,臺中市,48866
2023,苗栗縣,臺北市,39533
2023,苗栗縣,臺南市,5248
2023,苗栗縣,臺東縣,1475
2023,苗栗縣,花蓮縣,2430
2023,苗栗縣,苗栗縣,361004
2023,苗栗縣,連江縣,153
2023,苗栗縣,金門縣,1268
2023,苗栗縣,雲林縣,2218
2023,苗栗縣,高雄市,10033
2023,連江縣,南投縣,46
2023,連江縣,嘉義市,24
2023,連江縣,嘉義縣,40
2023,連江縣,基隆市,273
2023,連江縣,宜蘭縣,52
2023,連江縣,屏東縣,71
2023,連江縣,彰化縣,66
2023,連江縣,新北市,3183
2023,連江縣,新竹市,109
2023,連江縣,新竹縣,132
2023,連江縣,桃園市,5295
2023,連江縣,澎湖縣,10
2023,連江縣,臺中市,411
2023,連江縣,臺北市,1505
2023,連江縣,臺南市,139
2023,連江縣,臺東縣,32
2023,連江縣,花蓮縣,55
2023,連江縣,苗栗縣,81
2023,連江縣,連江縣,4893
2023,連江縣,金門縣,57
2023,連江縣,雲林縣,55
2023,連江縣,高雄市,349
2023,金門縣,南投縣,74
2023,金門縣,嘉義市,45
2023,金門縣,嘉義縣,59
2023,金門縣,基隆市,160
2023,金門縣,宜蘭縣,81
2023,金門縣,屏東縣,112
2023,金門縣,彰化縣,138
2023,金門縣,新北市,3723
2023,金門縣,新竹市,242
2023,金門縣,新竹縣,215
2023,金門縣,桃園市,2154
2023,金門縣,澎湖縣,32
2023,金門縣,臺中市,828
2023,金門縣,臺北市,1964
2023,金門縣,臺南市,382
2023,金門縣,臺東縣,32
2023,金門縣,花蓮縣,97
2023,金門縣,苗栗縣,89
2023,金門縣,連江縣,15
2023,金門縣,金門縣,72362
2023,金門縣,雲林縣,77
2023,金門縣,高雄市,870
2023,雲林縣,南投縣,9600
2023,雲林縣,嘉義市,11949
2023,雲林縣,嘉義縣,19994
2023,雲林縣,基隆市,5022
2023,雲林縣,宜蘭縣,3127
2023,雲林縣,屏東縣,4381
2023,雲林縣,彰化縣,18374
2023,雲林縣,新北市,165627
2023,雲林縣,新竹市,6302
2023,雲林縣,新竹縣,6415
2023,雲林縣,桃園市,51427
2023,雲林縣,澎湖縣,841
2023,雲林縣,臺中市,70537
2023,雲林縣,臺北市,58544
2023,雲林縣,臺南市,20584
2023,雲林縣,臺東縣,2752
2023,雲林縣,花蓮縣,3373
2023,雲林縣,苗栗縣,4181
2023,雲林縣,連江縣,172
2023,雲林縣,金門縣,1771
2023,雲林縣,雲林縣,476686
2023,雲林縣,高雄市,38580
2023,高雄市,南投縣,6188
2023,高雄市,嘉義市,6930
2023,高雄市,嘉義縣,12014
2023,高雄市,基隆市,5780
2023,高雄市,宜蘭縣,4234
2023,高雄市,屏東縣,80524
2023,高雄市,彰化縣,12961
2023,高雄市,新北市,95029
2023,高雄市,新竹市,12192
2023,高雄市,新竹縣,13542
2023,高雄市,桃園市,55006
2023,高雄市,澎湖縣,11505
2023,高雄市,臺中市,62715
2023,高雄市,臺北市,73149
2023,高雄市,臺南市,117874
2023,高雄市,臺東縣,7632
2023,高雄市,花蓮縣,6270
2023,高雄市,苗栗縣,6109
2023,高雄市,連江縣,575
2023,高雄市,金門縣,8044
2023,高雄市,雲林縣,11728
2023,高雄市,高雄市,1905517
2024,南投縣,南投縣,323491
2024,南投縣,嘉義市,1727
2024,南投縣,嘉義縣,2656
2024,南投縣,基隆市,2255
2024,南投縣,宜蘭縣,1582
2024,南投縣,屏東縣,2537
2024,南投縣,彰化縣,23199
2024,南投縣,新北市,46761
2024,南投縣,新竹市,3791
2024,南投縣,新竹縣,4400
2024,南投縣,桃園市,23765
2024,南投縣,澎湖縣,717
2024,南投縣,臺中市,112087
2024,南投縣,臺北市,25588
2024,南投縣,臺南市,7887
2024,南投縣,臺東縣,1578
2024,南投縣,花蓮縣,2351
2024,南投縣,苗栗縣,3563
2024,南投縣,連江縣,195
2024,南投縣,金門縣,1364
2024,南投縣,雲林縣,7297
2024,南投縣,高雄市,13068
2024,嘉義市,南投縣,1745
2024,嘉義市,嘉義市,163019
2024,嘉義市,嘉義縣,137677
2024,嘉義市,基隆市,1123
2024,嘉義市,宜蘭縣,799
2024,嘉義市,屏東縣,2043
2024,嘉義市,彰化縣,4092
2024,嘉義市,新北市,29543
2024,嘉義市,新竹市,3711
2024,嘉義市,新竹縣,3764
2024,嘉義市,桃園市,15134
2024,嘉義市,澎湖縣,807
2024,嘉義市,臺中市,24146
2024,嘉義市,臺北市,21329
2024,嘉義市,臺南市,29516
2024,嘉義市,臺東縣,555
2024,嘉義市,花蓮縣,807
2024,嘉義市,苗栗縣,1608
2024,嘉義市,連江縣,107
2024,嘉義市,金門縣,1211
2024,嘉義市,雲林縣,22738
2024,嘉義市,高雄市,18158
2024,嘉義縣,南投縣,4196
2024,嘉義縣,嘉義市,33807
2024,嘉義縣,嘉義縣,224720
2024,嘉義縣,基隆市,2968
2024,嘉義縣,宜蘭縣,1897
2024,嘉義縣,屏東縣,4941
2024,嘉義縣,彰化縣,8924
2024,嘉義縣,新北市,96807
2024,嘉義縣,新竹市,4072
2024,嘉義縣,新竹縣,3815
2024,嘉義縣,桃園市,34341
2024,嘉義縣,澎湖縣,575
2024,嘉義縣,臺中市,36429
2024,嘉義縣,臺北市,36817
2024,嘉義縣,臺南市,30469
2024,嘉義縣,臺東縣,1992
2024,嘉義縣,花蓮縣,2132
2024,嘉義縣,苗栗縣,2675
2024,嘉義縣,連江縣,82
2024,嘉義縣,金門縣,1168
2024,嘉義縣,雲林縣,26730
2024,嘉義縣,高雄市,59954
2024,基隆市,南投縣,1080
2024,基隆市,嘉義市,626
2024,基隆市,嘉義縣,868
2024,基隆市,基隆市,206628
2024,基隆市,宜蘭縣,4068
2024,基隆市,屏東縣,1437
2024,基隆市,彰化縣,2049
2024,基隆市,新北市,86542
2024,基隆市,新竹市,3138
2024,基隆市,新竹縣,3493
2024,基隆市,桃園市,24266
2024,基隆市,澎湖縣,455
2024,基隆市,臺中市,11950
2024,基隆市,臺北市,45964
2024,基隆市,臺南市,3719
2024,基隆市,臺東縣,952
2024,基隆市,花蓮縣,2045
2024,基隆市,苗栗縣,1849
2024,基隆市,連江縣,363
2024,基隆市,金門縣,1203
2024,基隆市,雲林縣,1484
2024,基隆市,高雄市,9971
2024,宜蘭縣,南投縣,1327
2024,宜蘭縣,嘉義市,630
2024,宜蘭縣,嘉義縣,917
2024,宜蘭縣,基隆市,8874
2024,宜蘭縣,宜蘭縣,351741
2024,宜蘭縣,屏東縣,1382
2024,宜蘭縣,彰化縣,2262
2024,宜蘭縣,新北市,77074
2024,宜蘭縣,新竹市,3811
2024,宜蘭縣,新竹縣,4369
2024,宜蘭縣,桃園市,28912
2024,宜蘭縣,澎湖縣,407
2024,宜蘭縣,臺中市,12830
2024,宜蘭縣,臺北市,43090
2024,宜蘭縣,臺南市,4001
2024,宜蘭縣,臺東縣,1056
2024,宜蘭縣,花蓮縣,5993
2024,宜蘭縣,苗栗縣,1760
2024,宜蘭縣,連江縣,160
2024,宜蘭縣,金門縣,983
2024,宜蘭縣,雲林縣,1527
2024,宜蘭縣,高雄市,7170
2024,屏東縣,南投縣,3220
2024,屏東縣,嘉義市,2380
2024,屏東縣,嘉義縣,3754
2024,屏東縣,基隆市,3077
2024,屏東縣,宜蘭縣,2739
2024,屏東縣,屏東縣,606156
2024,屏東縣,彰化縣,6986
2024,屏東縣,新北市,56053
2024,屏東縣,新竹市,5416
2024,屏東縣,新竹縣,6018
2024,屏東縣,桃園市,35759
2024,屏東縣,澎湖縣,1871
2024,屏東縣,臺中市,36247
2024,屏東縣,臺北市,33024
2024,屏東縣,臺南市,34059
2024,屏東縣,臺東縣,4609
2024,屏東縣,花蓮縣,3504
2024,屏東縣,苗栗縣,3303
2024,屏東縣,連江縣,290
2024,屏東縣,金門縣,3022
2024,屏東縣,雲林縣,4537
2024,屏東縣,高雄市,161117
2024,彰化縣,南投縣,29127
2024,彰化縣,嘉義市,4150
2024,彰化縣,嘉義縣,6071
2024,彰化縣,基隆市,5932
2024,彰化縣,宜蘭縣,3414
2024,彰化縣,屏東縣,5755
2024,彰化縣,彰化縣,1002785
2024,彰化縣,新北市,141034
2024,彰化縣,新竹市,10337
2024,彰化縣,新竹縣,11135
2024,彰化縣,桃園市,51144
2024,彰化縣,澎湖縣,1431
2024,彰化縣,臺中市,205444
2024,彰化縣,臺北市,76173
2024,彰化縣,臺南市,20327
2024,彰化縣,臺東縣,4127
2024,彰化縣,花蓮縣,3952
2024,彰化縣,苗栗縣,7654
2024,彰化縣,連江縣,316
2024,彰化縣,金門縣,2900
2024,彰化縣,雲林縣,21579
2024,彰化縣,高雄市,33642
2024,新北市,南投縣,6477
2024,新北市,嘉義市,4221
2024,新北市,嘉義縣,9848
2024,新北市,基隆市,39207
2024,新北市,宜蘭縣,18165
2024,新北市,屏東縣,7943
2024,新北市,彰化縣,15608
2024,新北市,新北市,1464848
2024,新北市,新竹市,12167
2024,新北市,新竹縣,17090
2024,新北市,桃園市,181476
2024,新北市,澎湖縣,2210
2024,新北市,臺中市,51034
2024,新北市,臺北市,228069
2024,新北市,臺南市,21572
2024,新北市,臺東縣,5974
2024,新北市,花蓮縣,10500
2024,新北市,苗栗縣,11211
2024,新北市,連江縣,1308
2024,新北市,金門縣,10228
2024,新北市,雲林縣,17857
2024,新北市,高雄市,29280
2024,新竹市,南投縣,994
2024,新竹市,嘉義市,635
2024,新竹市,嘉義縣,821
2024,新竹市,基隆市,1094
2024,新竹市,宜蘭縣,1116
2024,新竹市,屏東縣,1240
2024,新竹市,彰化縣,2091
2024,新竹市,新北市,19975
2024,新竹市,新竹市,254577
2024,新竹市,新竹縣,135225
2024,新竹市,桃園市,22671
2024,新竹市,澎湖縣,376
2024,新竹市,臺中市,12594
2024,新竹市,臺北市,20503
2024,新竹市,臺南市,4599
2024,新竹市,臺東縣,511
2024,新竹市,花蓮縣,974
2024,新竹市,苗栗縣,29304
2024,新竹市,連江縣,102
2024,新竹市,金門縣,1015
2024,新竹市,雲林縣,1336
2024,新竹市,高雄市,5523
2024,新竹縣,南投縣,1301
2024,新竹縣,嘉義市,479
2024,新竹縣,嘉義縣,828
2024,新竹縣,基隆市,1992
2024,新竹縣,宜蘭縣,1230
2024,新竹縣,屏東縣,1664
2024,新竹縣,彰化縣,2023
2024,新竹縣,新北市,36827
2024,新竹縣,新竹市,35393
2024,新竹縣,新竹縣,246851
2024,新竹縣,桃園市,65463
2024,新竹縣,澎湖縣,254
2024,新竹縣,臺中市,11038
2024,新竹縣,臺北市,24737
2024,新竹縣,臺南市,3385
2024,新竹縣,臺東縣,902
2024,新竹縣,花蓮縣,1725
2024,新竹縣,苗栗縣,12306
2024,新竹縣,連江縣,102
2024,新竹縣,金門縣,819
2024,新竹縣,雲林縣,1163
2024,新竹縣,高雄市,5714
2024,桃園市,南投縣,3883
2024,桃園市,嘉義市,2077
2024,桃園市,嘉義縣,4096
2024,桃園市,基隆市,5460
2024,桃園市,宜蘭縣,6239
2024,桃園市,屏東縣,5831
2024,桃園市,彰化縣,7143
2024,桃園市,新北市,159389
2024,桃園市,新竹市,14410
2024,桃園市,新竹縣,39042
2024,桃園市,桃園市,1226016
2024,桃園市,澎湖縣,1693
2024,桃園市,臺中市,29789
2024,桃園市,臺北市,60809
2024,桃園市,臺南市,12032
2024,桃園市,臺東縣,4393
2024,桃園市,花蓮縣,6718
2024,桃園市,苗栗縣,11658
2024,桃園市,連江縣,1558
2024,桃園市,金門縣,7272
2024,桃園市,雲林縣,6565
2024,桃園市,高雄市,17602
2024,澎湖縣,南投縣,383
2024,澎湖縣,嘉義市,360
2024,澎湖縣,嘉義縣,516
2024,澎湖縣,基隆市,571
2024,澎湖縣,宜蘭縣,675
2024,澎湖縣,屏東縣,1437
2024,澎湖縣,彰化縣,901
2024,澎湖縣,新北市,7833
2024,澎湖縣,新竹市,721
2024,澎湖縣,新竹縣,590
2024,澎湖縣,桃園市,4668
2024,澎湖縣,澎湖縣,71774
2024,澎湖縣,臺中市,5294
2024,澎湖縣,臺北市,5229
2024,澎湖縣,臺南市,5925
2024,澎湖縣,臺東縣,208
2024,澎湖縣,花蓮縣,330
2024,澎湖縣,苗栗縣,356
2024,澎湖縣,連江縣,21
2024,澎湖縣,金門縣,263
2024,澎湖縣,雲林縣,460
2024,澎湖縣,高雄市,30217
2024,臺中市,南投縣,51265
2024,臺中市,嘉義市,5072
2024,臺中市,嘉義縣,8454
2024,臺中市,基隆市,6249
2024,臺中市,宜蘭縣,4511
2024,臺中市,屏東縣,9958
2024,臺中市,彰化縣,56240
2024,臺中市,新北市,94005
2024,臺中市,新竹市,14776
2024,臺中市,新竹縣,17057
2024,臺中市,桃園市,54562
2024,臺中市,澎湖縣,3181
2024,臺中市,臺中市,1892265
2024,臺中市,臺北市,72175
2024,臺中市,臺南市,26059
2024,臺中市,臺東縣,5225
2024,臺中市,花蓮縣,5845
2024,臺中市,苗栗縣,44540
2024,臺中市,連江縣,624
2024,臺中市,金門縣,6280
2024,臺中市,雲林縣,20702
2024,臺中市,高雄市,37546
2024,臺北市,南投縣,7707
2024,臺北市,嘉義市,5722
2024,臺北市,嘉義縣,7519
2024,臺北市,基隆市,38287
2024,臺北市,宜蘭縣,23083
2024,臺北市,屏東縣,8601
2024,臺北市,彰化縣,15241
2024,臺北市,新北市,1056364
2024,臺北市,新竹市,25661
2024,臺北市,新竹縣,28442
2024,臺北市,桃園市,200182
2024,臺北市,澎湖縣,2926
2024,臺北市,臺中市,81157
2024,臺北市,臺北市,1386518
2024,臺北市,臺南市,30483
2024,臺北市,臺東縣,5117
2024,臺北市,花蓮縣,11158
2024,臺北市,苗栗縣,13195
2024,臺北市,連江縣,1533
2024,臺北市,金門縣,11774
2024,臺北市,雲林縣,12862
2024,臺北市,高雄市,47509
2024,臺南市,南投縣,5148
2024,臺南市,嘉義市,11042
2024,臺南市,嘉義縣,24662
2024,臺南市,基隆市,4024
2024,臺南市,宜蘭縣,3303
2024,臺南市,屏東縣,16490
2024,臺南市,彰化縣,12640
2024,臺南市,新北市,99172
2024,臺南市,新竹市,10287
2024,臺南市,新竹縣,10322
2024,臺南市,桃園市,48549
2024,臺南市,澎湖縣,3806
2024,臺南市,臺中市,59117
2024,臺南市,臺北市,70881
2024,臺南市,臺南市,1432610
2024,臺南市,臺東縣,4328
2024,臺南市,花蓮縣,3760
2024,臺南市,苗栗縣,4939
2024,臺南市,連江縣,370
2024,臺南市,金門縣,4894
2024,臺南市,雲林縣,11085
2024,臺南市,高雄市,215410
2024,臺東縣,南投縣,1576
2024,臺東縣,嘉義市,634
2024,臺東縣,嘉義縣,1174
2024,臺東縣,基隆市,2862
2024,臺東縣,宜蘭縣,1975
2024,臺東縣,屏東縣,4410
2024,臺東縣,彰化縣,3483
2024,臺東縣,新北市,32192
2024,臺東縣,新竹市,1917
2024,臺東縣,新竹縣,2480
2024,臺東縣,桃園市,25636
2024,臺東縣,澎湖縣,320
2024,臺東縣,臺中市,16153
2024,臺東縣,臺北市,12445
2024,臺東縣,臺南市,7106
2024,臺東縣,臺東縣,146207
2024,臺東縣,花蓮縣,9618
2024,臺東縣,苗栗縣,1665
2024,臺東縣,連江縣,128
2024,臺東縣,金門縣,746
2024,臺東縣,雲林縣,1584
2024,臺東縣,高雄市,17837
2024,花蓮縣,南投縣,1623
2024,花蓮縣,嘉義市,660
2024,花蓮縣,嘉義縣,1100
2024,花蓮縣,基隆市,3724
2024,花蓮縣,宜蘭縣,4903
2024,花蓮縣,屏東縣,2583
2024,花蓮縣,彰化縣,2487
2024,花蓮縣,新北市,45589
2024,花蓮縣,新竹市,3096
2024,花蓮縣,新竹縣,4250
2024,花蓮縣,桃園市,33548
2024,花蓮縣,澎湖縣,355
2024,花蓮縣,臺中市,14599
2024,花蓮縣,臺北市,23568
2024,花蓮縣,臺南市,4997
2024,花蓮縣,臺東縣,6484
2024,花蓮縣,花蓮縣,224971
2024,花蓮縣,苗栗縣,2368
2024,花蓮縣,連江縣,205
2024,花蓮縣,金門縣,1039
2024,花蓮縣,雲林縣,1513
2024,花蓮縣,高雄市,10007
2024,苗栗縣,南投縣,2852
2024,苗栗縣,嘉義市,850
2024,苗栗縣,嘉義縣,1524
2024,苗栗縣,基隆市,4235
2024,苗栗縣,宜蘭縣,1748
2024,苗栗縣,屏東縣,2403
2024,苗栗縣,彰化縣,5238
2024,苗栗縣,新北市,70933
2024,苗栗縣,新竹市,18165
2024,苗栗縣,新竹縣,19454
2024,苗栗縣,桃園市,59065
2024,苗栗縣,澎湖縣,446
2024,苗栗縣,臺中市,49119
2024,苗栗縣,臺北市,38786
2024,苗栗縣,臺南市,5339
2024,苗栗縣,臺東縣,1436
2024,苗栗縣,花蓮縣,2377
2024,苗栗縣,苗栗縣,355760
2024,苗栗縣,連江縣,167
2024,苗栗縣,金門縣,1245
2024,苗栗縣,雲林縣,2288
2024,苗栗縣,高雄市,10045
2024,連江縣,南投縣,46
2024,連江縣,嘉義市,24
2024,連江縣,嘉義縣,42
2024,連江縣,基隆市,276
2024,連江縣,宜蘭縣,52
2024,連江縣,屏東縣,72
2024,連江縣,彰化縣,67
2024,連江縣,新北市,3178
2024,連江縣,新竹市,107
2024,連江縣,新竹縣,129
2024,連江縣,桃園市,5259
2024,連江縣,澎湖縣,9
2024,連江縣,臺中市,418
2024,連江縣,臺北市,1469
2024,連江縣,臺南市,141
2024,連江縣,臺東縣,33
2024,連江縣,花蓮縣,55
2024,連江縣,苗栗縣,86
2024,連江縣,連江縣,4799
2024,連江縣,金門縣,56
2024,連江縣,雲林縣,55
2024,連江縣,高雄市,342
2024,金門縣,南投縣,69
2024,金門縣,嘉義市,44
2024,金門縣,嘉義縣,61
2024,金門縣,基隆市,161
2024,金門縣,宜蘭縣,79
2024,金門縣,屏東縣,107
2024,金門縣,彰化縣,141
2024,金門縣,新北市,3662
2024,金門縣,新竹市,234
2024,金門縣,新竹縣,215
2024,金門縣,桃園市,2130
2024,金門縣,澎湖縣,33
2024,金門縣,臺中市,820
2024,金門縣,臺北市,1940
2024,金門縣,臺南市,377
2024,金門縣,臺東縣,30
2024,金門縣,花蓮縣,95
2024,金門縣,苗栗縣,90
2024,金門縣,連江縣,13
2024,金門縣,金門縣,71995
2024,金門縣,雲林縣,78
2024,金門縣,高雄市,869
2024,雲林縣,南投縣,9459
2024,雲林縣,嘉義市,11788
2024,雲林縣,嘉義縣,19718
2024,雲林縣,基隆市,4961
2024,雲林縣,宜蘭縣,3152
2024,雲林縣,屏東縣,4354
2024,雲林縣,彰化縣,18088
2024,雲林縣,新北市,163797
2024,雲林縣,新竹市,6298
2024,雲林縣,新竹縣,6538
2024,雲林縣,桃園市,51802
2024,雲林縣,澎湖縣,834
2024,雲林縣,臺中市,70906
2024,雲林縣,臺北市,57376
2024,雲林縣,臺南市,20677
2024,雲林縣,臺東縣,2684
2024,雲林縣,花蓮縣,3335
2024,雲林縣,苗栗縣,4195
2024,雲林縣,連江縣,168
2024,雲林縣,金門縣,1765
2024,雲林縣,雲林縣,470139
2024,雲林縣,高雄市,38279
2024,高雄市,南投縣,6235
2024,高雄市,嘉義市,6966
2024,高雄市,嘉義縣,11981
2024,高雄市,基隆市,5786
2024,高雄市,宜蘭縣,4308
2024,高雄市,屏東縣,82250
2024,高雄市,彰化縣,12957
2024,高雄市,新北市,95849
2024,高雄市,新竹市,12360
2024,高雄市,新竹縣,13965
2024,高雄市,桃園市,56059
2024,高雄市,澎湖縣,11576
2024,高雄市,臺中市,63967
2024,高雄市,臺北市,72816
2024,高雄市,臺南市,119115
2024,高雄市,臺東縣,7754
2024,高雄市,花蓮縣,6260
2024,高雄市,苗栗縣,6267
2024,高雄市,連江縣,572
2024,高雄市,金門縣,7967
2024,高雄市,雲林縣,12066
2024,高雄市,高雄市,1898130
2025,南投縣,南投縣,318067
2025,南投縣,嘉義市,1724
2025,南投縣,嘉義縣,2653
2025,南投縣,基隆市,2262
2025,南投縣,宜蘭縣,1606
2025,南投縣,屏東縣,2513
2025,南投縣,彰化縣,22835
2025,南投縣,新北市,46381
2025,南投縣,新竹市,3790
2025,南投縣,新竹縣,4489
2025,南投縣,桃園市,23934
2025,南投縣,澎湖縣,704
2025,南投縣,臺中市,112361
2025,南投縣,臺北市,25001
2025,南投縣,臺南市,7937
2025,南投縣,臺東縣,1535
2025,南投縣,花蓮縣,2346
2025,南投縣,苗栗縣,3626
2025,南投縣,連江縣,185
2025,南投縣,金門縣,1291
2025,南投縣,雲林縣,7297
2025,南投縣,高雄市,13048
2025,嘉義市,南投縣,1790
2025,嘉義市,嘉義市,162106
2025,嘉義市,嘉義縣,136925
2025,嘉義市,基隆市,1154
2025,嘉義市,宜蘭縣,838
2025,嘉義市,屏東縣,2075
2025,嘉義市,彰化縣,4035
2025,嘉義市,新北市,29739
2025,嘉義市,新竹市,3748
2025,嘉義市,新竹縣,3877
2025,嘉義市,桃園市,15511
2025,嘉義市,澎湖縣,798
2025,嘉義市,臺中市,24825
2025,嘉義市,臺北市,20977
2025,嘉義市,臺南市,29784
2025,嘉義市,臺東縣,597
2025,嘉義市,花蓮縣,826
2025,嘉義市,苗栗縣,1624
2025,嘉義市,連江縣,111
2025,嘉義市,金門縣,1162
2025,嘉義市,雲林縣,22704
2025,嘉義市,高雄市,18428
2025,嘉義縣,南投縣,4180
2025,嘉義縣,嘉義市,33557
2025,嘉義縣,嘉義縣,219471
2025,嘉義縣,基隆市,2947
2025,嘉義縣,宜蘭縣,1922
2025,嘉義縣,屏東縣,4859
2025,嘉義縣,彰化縣,8800
2025,嘉義縣,新北市,95432
2025,嘉義縣,新竹市,4026
2025,嘉義縣,新竹縣,3829
2025,嘉義縣,桃園市,34386
2025,嘉義縣,澎湖縣,574
2025,嘉義縣,臺中市,36317
2025,嘉義縣,臺北市,35787
2025,嘉義縣,臺南市,30362
2025,嘉義縣,臺東縣,1919
2025,嘉義縣,花蓮縣,2101
2025,嘉義縣,苗栗縣,2675
2025,嘉義縣,連江縣,84
2025,嘉義縣,金門縣,1120
2025,嘉義縣,雲林縣,27141
2025,嘉義縣,高雄市,58855
2025,基隆市,南投縣,1098
2025,基隆市,嘉義市,625
2025,基隆市,嘉義縣,890
2025,基隆市,基隆市,204668
2025,基隆市,宜蘭縣,4176
2025,基隆市,屏東縣,1442
2025,基隆市,彰化縣,2041
2025,基隆市,新北市,86412
2025,基隆市,新竹市,3148
2025,基隆市,新竹縣,3546
2025,基隆市,桃園市,24809
2025,基隆市,澎湖縣,433
2025,基隆市,臺中市,12215
2025,基隆市,臺北市,44845
2025,基隆市,臺南市,3791
2025,基隆市,臺東縣,947
2025,基隆市,花蓮縣,2076
2025,基隆市,苗栗縣,1920
2025,基隆市,連江縣,360
2025,基隆市,金門縣,1160
2025,基隆市,雲林縣,1500
2025,基隆市,高雄市,9993
2025,宜蘭縣,南投縣,1321
2025,宜蘭縣,嘉義市,636
2025,宜蘭縣,嘉義縣,932
2025,宜蘭縣,基隆市,8761
2025,宜蘭縣,宜蘭縣,348419
2025,宜蘭縣,屏東縣,1386
2025,宜蘭縣,彰化縣,2241
2025,宜蘭縣,新北市,76640
2025,宜蘭縣,新竹市,3830
2025,宜蘭縣,新竹縣,4489
2025,宜蘭縣,桃園市,29298
2025,宜蘭縣,澎湖縣,388
2025,宜蘭縣,臺中市,12995
2025,宜蘭縣,臺北市,41997
2025,宜蘭縣,臺南市,4074
2025,宜蘭縣,臺東縣,1061
2025,宜蘭縣,花蓮縣,5905
2025,宜蘭縣,苗栗縣,1814
2025,宜蘭縣,連江縣,162
2025,宜蘭縣,金門縣,956
2025,宜蘭縣,雲林縣,1541
2025,宜蘭縣,高雄市,7189
2025,屏東縣,南投縣,3215
2025,屏東縣,嘉義市,2406
2025,屏東縣,嘉義縣,3767
2025,屏東縣,基隆市,3064
2025,屏東縣,宜蘭縣,2745
2025,屏東縣,屏東縣,597416
2025,屏東縣,彰化縣,6932
2025,屏東縣,新北市,55780
2025,屏東縣,新竹市,5389
2025,屏東縣,新竹縣,6066
2025,屏東縣,桃園市,36017
2025,屏東縣,澎湖縣,1875
2025,屏東縣,臺中市,36401
2025,屏東縣,臺北市,32274
2025,屏東縣,臺南市,34253
2025,屏東縣,臺東縣,4578
2025,屏東縣,花蓮縣,3472
2025,屏東縣,苗栗縣,3352
2025,屏東縣,連江縣,306
2025,屏東縣,金門縣,2873
2025,屏東縣,雲林縣,4505
2025,屏東縣,高雄市,160690
2025,彰化縣,南投縣,29269
2025,彰化縣,嘉義市,4170
2025,彰化縣,嘉義縣,6191
2025,彰化縣,基隆市,5850
2025,彰化縣,宜蘭縣,3557
2025,彰化縣,屏東縣,5836
2025,彰化縣,彰化縣,988270
2025,彰化縣,新北市,139976
2025,彰化縣,新竹市,10457
2025,彰化縣,新竹縣,11403
2025,彰化縣,桃園市,51834
2025,彰化縣,澎湖縣,1445
2025,彰化縣,臺中市,208627
2025,彰化縣,臺北市,74169
2025,彰化縣,臺南市,20697
2025,彰化縣,臺東縣,4051
2025,彰化縣,花蓮縣,3897
2025,彰化縣,苗栗縣,7884
2025,彰化縣,連江縣,320
2025,彰化縣,金門縣,2822
2025,彰化縣,雲林縣,21812
2025,彰化縣,高雄市,33833
2025,新北市,南投縣,6480
2025,新北市,嘉義市,4288
2025,新北市,嘉義縣,9918
2025,新北市,基隆市,39378
2025,新北市,宜蘭縣,18863
2025,新北市,屏東縣,7998
2025,新北市,彰化縣,15594
2025,新北市,新北市,1460083
2025,新北市,新竹市,12267
2025,新北市,新竹縣,17568
2025,新北市,桃園市,186057
2025,新北市,澎湖縣,2233
2025,新北市,臺中市,52255
2025,新北市,臺北市,222776
2025,新北市,臺南市,21958
2025,新北市,臺東縣,6014
2025,新北市,花蓮縣,10480
2025,新北市,苗栗縣,11487
2025,新北市,連江縣,1265
2025,新北市,金門縣,9747
2025,新北市,雲林縣,17799
2025,新北市,高雄市,29777
2025,新竹市,南投縣,1012
2025,新竹市,嘉義市,647
2025,新竹市,嘉義縣,841
2025,新竹市,基隆市,1122
2025,新竹市,宜蘭縣,1171
2025,新竹市,屏東縣,1245
2025,新竹市,彰化縣,2100
2025,新竹市,新北市,20274
2025,新竹市,新竹市,252249
2025,新竹市,新竹縣,135304
2025,新竹市,桃園市,23242
2025,新竹市,澎湖縣,371
2025,新竹市,臺中市,13083
2025,新竹市,臺北市,20240
2025,新竹市,臺南市,4764
2025,新竹市,臺東縣,526
2025,新竹市,花蓮縣,1001
2025,新竹市,苗栗縣,30128
2025,新竹市,連江縣,103
2025,新竹市,金門縣,959
2025,新竹市,雲林縣,1365
2025,新竹市,高雄市,5661
2025,新竹縣,南投縣,1298
2025,新竹縣,嘉義市,485
2025,新竹縣,嘉義縣,815
2025,新竹縣,基隆市,1963
2025,新竹縣,宜蘭縣,1252
2025,新竹縣,屏東縣,1652
2025,新竹縣,彰化縣,1993
2025,新竹縣,新北市,36452
2025,新竹縣,新竹市,35896
2025,新竹縣,新竹縣,245456
2025,新竹縣,桃園市,65246
2025,新竹縣,澎湖縣,267
2025,新竹縣,臺中市,11226
2025,新竹縣,臺北市,24065
2025,新竹縣,臺南市,3442
2025,新竹縣,臺東縣,883
2025,新竹縣,花蓮縣,1678
2025,新竹縣,苗栗縣,12743
2025,新竹縣,連江縣,99
2025,新竹縣,金門縣,766
2025,新竹縣,雲林縣,1177
2025,新竹縣,高雄市,5735
2025,桃園市,南投縣,3923
2025,桃園市,嘉義市,2108
2025,桃園市,嘉義縣,4149
2025,桃園市,基隆市,5454
2025,桃園市,宜蘭縣,6521
2025,桃園市,屏東縣,5932
2025,桃園市,彰化縣,7198
2025,桃園市,新北市,160477
2025,桃園市,新竹市,14595
2025,桃園市,新竹縣,39453
2025,桃園市,桃園市,1225752
2025,桃園市,澎湖縣,1668
2025,桃園市,臺中市,30635
2025,桃園市,臺北市,59758
2025,桃園市,臺南市,12500
2025,桃園市,臺東縣,4444
2025,桃園市,花蓮縣,6732
2025,桃園市,苗栗縣,11944
2025,桃園市,連江縣,1541
2025,桃園市,金門縣,6819
2025,桃園市,雲林縣,6628
2025,桃園市,高雄市,18006
2025,澎湖縣,南投縣,380
2025,澎湖縣,嘉義市,354
2025,澎湖縣,嘉義縣,507
2025,澎湖縣,基隆市,561
2025,澎湖縣,宜蘭縣,673
2025,澎湖縣,屏東縣,1425
2025,澎湖縣,彰化縣,885
2025,澎湖縣,新北市,7814
2025,澎湖縣,新竹市,707
2025,澎湖縣,新竹縣,610
2025,澎湖縣,桃園市,4714
2025,澎湖縣,澎湖縣,70800
2025,澎湖縣,臺中市,5312
2025,澎湖縣,臺北市,5104
2025,澎湖縣,臺南市,5893
2025,澎湖縣,臺東縣,206
2025,澎湖縣,花蓮縣,324
2025,澎湖縣,苗栗縣,376
2025,澎湖縣,連江縣,21
2025,澎湖縣,金門縣,252
2025,澎湖縣,雲林縣,460
2025,澎湖縣,高雄市,29747
2025,臺中市,南投縣,52115
2025,臺中市,嘉義市,5253
2025,臺中市,嘉義縣,8565
2025,臺中市,基隆市,6259
2025,臺中市,宜蘭縣,4668
2025,臺中市,屏東縣,10087
2025,臺中市,彰化縣,56495
2025,臺中市,新北市,94451
2025,臺中市,新竹市,14854
2025,臺中市,新竹縣,17496
2025,臺中市,桃園市,55669
2025,臺中市,澎湖縣,3154
2025,臺中市,臺中市,1887273
2025,臺中市,臺北市,70838
2025,臺中市,臺南市,26753
2025,臺中市,臺東縣,5181
2025,臺中市,花蓮縣,5836
2025,臺中市,苗栗縣,44997
2025,臺中市,連江縣,601
2025,臺中市,金門縣,5995
2025,臺中市,雲林縣,20709
2025,臺中市,高雄市,38080
2025,臺北市,南投縣,7698
2025,臺北市,嘉義市,5810
2025,臺北市,嘉義縣,7619
2025,臺北市,基隆市,38933
2025,臺北市,宜蘭縣,24506
2025,臺北市,屏東縣,8728
2025,臺北市,彰化縣,15190
2025,臺北市,新北市,1064907
2025,臺北市,新竹市,25799
2025,臺北市,新竹縣,29368
2025,臺北市,桃園市,205824
2025,臺北市,澎湖縣,2869
2025,臺北市,臺中市,83334
2025,臺北市,臺北市,1361413
2025,臺北市,臺南市,31361
2025,臺北市,臺東縣,5130
2025,臺北市,花蓮縣,11267
2025,臺北市,苗栗縣,13647
2025,臺北市,連江縣,1470
2025,臺北市,金門縣,11090
2025,臺北市,雲林縣,12914
2025,臺北市,高雄市,48449
2025,臺南市,南投縣,5165
2025,臺南市,嘉義市,11167
2025,臺南市,嘉義縣,24569
2025,臺南市,基隆市,4039
2025,臺南市,宜蘭縣,3359
2025,臺南市,屏東縣,16496
2025,臺南市,彰化縣,12552
2025,臺南市,新北市,98930
2025,臺南市,新竹市,10278
2025,臺南市,新竹縣,10585
2025,臺南市,桃園市,49100
2025,臺南市,澎湖縣,3789
2025,臺南市,臺中市,59883
2025,臺南市,臺北市,69268
2025,臺南市,臺南市,1421416
2025,臺南市,臺東縣,4318
2025,臺南市,花蓮縣,3782
2025,臺南市,苗栗縣,5057
2025,臺南市,連江縣,376
2025,臺南市,金門縣,4639
2025,臺南市,雲林縣,11066
2025,臺南市,高雄市,213950
2025,臺東縣,南投縣,1584
2025,臺東縣,嘉義市,627
2025,臺東縣,嘉義縣,1185
2025,臺東縣,基隆市,2829
2025,臺東縣,宜蘭縣,2001
2025,臺東縣,屏東縣,4403
2025,臺東縣,彰化縣,3449
2025,臺東縣,新北市,31904
2025,臺東縣,新竹市,1912
2025,臺東縣,新竹縣,2458
2025,臺東縣,桃園市,25610
2025,臺東縣,澎湖縣,331
2025,臺東縣,臺中市,16104
2025,臺東縣,臺北市,12192
2025,臺東縣,臺南市,7113
2025,臺東縣,臺東縣,144633
2025,臺東縣,花蓮縣,9573
2025,臺東縣,苗栗縣,1677
2025,臺東縣,連江縣,120
2025,臺東縣,金門縣,701
2025,臺東縣,雲林縣,1568
2025,臺東縣,高雄市,17831
2025,花蓮縣,南投縣,1615
2025,花蓮縣,嘉義市,673
2025,花蓮縣,嘉義縣,1092
2025,花蓮縣,基隆市,3689
2025,花蓮縣,宜蘭縣,4947
2025,花蓮縣,屏東縣,2621
2025,花蓮縣,彰化縣,2438
2025,花蓮縣,新北市,45299
2025,花蓮縣,新竹市,3115
2025,花蓮縣,新竹縣,4280
2025,花蓮縣,桃園市,33616
2025,花蓮縣,澎湖縣,337
2025,花蓮縣,臺中市,14691
2025,花蓮縣,臺北市,23158
2025,花蓮縣,臺南市,5057
2025,花蓮縣,臺東縣,6433
2025,花蓮縣,花蓮縣,222752
2025,花蓮縣,苗栗縣,2384
2025,花蓮縣,連江縣,195
2025,花蓮縣,金門縣,992
2025,花蓮縣,雲林縣,1503
2025,花蓮縣,高雄市,10052
2025,苗栗縣,南投縣,2808
2025,苗栗縣,嘉義市,844
2025,苗栗縣,嘉義縣,1536
2025,苗栗縣,基隆市,4181
2025,苗栗縣,宜蘭縣,1801
2025,苗栗縣,屏東縣,2405
2025,苗栗縣,彰化縣,5188
2025,苗栗縣,新北市,70083
2025,苗栗縣,新竹市,18004
2025,苗栗縣,新竹縣,19509
2025,苗栗縣,桃園市,59101
2025,苗栗縣,澎湖縣,462
2025,苗栗縣,臺中市,49337
2025,苗栗縣,臺北市,37685
2025,苗栗縣,臺南市,5405
2025,苗栗縣,臺東縣,1400
2025,苗栗縣,花蓮縣,2313
2025,苗栗縣,苗栗縣,350405
2025,苗栗縣,連江縣,168
2025,苗栗縣,金門縣,1187
2025,苗栗縣,雲林縣,2283
2025,苗栗縣,高雄市,10020
2025,連江縣,南投縣,47
2025,連江縣,嘉義市,23
2025,連江縣,嘉義縣,41
2025,連江縣,基隆市,267
2025,連江縣,宜蘭縣,54
2025,連江縣,屏東縣,72
2025,連江縣,彰化縣,70
2025,連江縣,新北市,3175
2025,連江縣,新竹市,111
2025,連江縣,新竹縣,132
2025,連江縣,桃園市,5248
2025,連江縣,澎湖縣,11
2025,連江縣,臺中市,424
2025,連江縣,臺北市,1431
2025,連江縣,臺南市,146
2025,連江縣,臺東縣,32
2025,連江縣,花蓮縣,58
2025,連江縣,苗栗縣,84
2025,連江縣,連江縣,4629
2025,連江縣,金門縣,54
2025,連江縣,雲林縣,56
2025,連江縣,高雄市,346
2025,金門縣,南投縣,68
2025,金門縣,嘉義市,43
2025,金門縣,嘉義縣,67
2025,金門縣,基隆市,162
2025,金門縣,宜蘭縣,85
2025,金門縣,屏東縣,110
2025,金門縣,彰化縣,140
2025,金門縣,新北市,3876
2025,金門縣,新竹市,239
2025,金門縣,新竹縣,230
2025,金門縣,桃園市,2204
2025,金門縣,澎湖縣,37
2025,金門縣,臺中市,837
2025,金門縣,臺北市,1891
2025,金門縣,臺南市,378
2025,金門縣,臺東縣,26
2025,金門縣,花蓮縣,91
2025,金門縣,苗栗縣,95
2025,金門縣,連江縣,15
2025,金門縣,金門縣,71079
2025,金門縣,雲林縣,78
2025,金門縣,高雄市,889
2025,雲林縣,南投縣,9353
2025,雲林縣,嘉義市,11729
2025,雲林縣,嘉義縣,19593
2025,雲林縣,基隆市,4923
2025,雲林縣,宜蘭縣,3229
2025,雲林縣,屏東縣,4338
2025,雲林縣,彰化縣,17916
2025,雲林縣,新北市,161975
2025,雲林縣,新竹市,6278
2025,雲林縣,新竹縣,6662
2025,雲林縣,桃園市,52179
2025,雲林縣,澎湖縣,838
2025,雲林縣,臺中市,71695
2025,雲林縣,臺北市,55875
2025,雲林縣,臺南市,20819
2025,雲林縣,臺東縣,2603
2025,雲林縣,花蓮縣,3305
2025,雲林縣,苗栗縣,4232
2025,雲林縣,連江縣,169
2025,雲林縣,金門縣,1688
2025,雲林縣,雲林縣,461963
2025,雲林縣,高雄市,38053
2025,高雄市,南投縣,6265
2025,高雄市,嘉義市,7114
2025,高雄市,嘉義縣,12033
2025,高雄市,基隆市,5800
2025,高雄市,宜蘭縣,4405
2025,高雄市,屏東縣,83609
2025,高雄市,彰化縣,12866
2025,高雄市,新北市,96380
2025,高雄市,新竹市,12349
2025,高雄市,新竹縣,14271
2025,高雄市,桃園市,57134
2025,高雄市,澎湖縣,11469
2025,高雄市,臺中市,65044
2025,高雄市,臺北市,71514
2025,高雄市,臺南市,120250
2025,高雄市,臺東縣,7840
2025,高雄市,花蓮縣,6280
2025,高雄市,苗栗縣,6409
2025,高雄市,連江縣,581
2025,高雄市,金門縣,7549
2025,高雄市,雲林縣,12010
2025,高雄市,高雄市,1886625
